loan_type,"loan_group 
(expected values: consumer or business loan)","loan_method 
(expected values: overdraft, revolving etc)",Secured flag,"loan_purpose
(expected values: housing, education, salary, vehicle etc)","staff_indicator 
(expected values: ""Staff"" if loan is for staff only, otherwise empty)",count_loans,unique_loans
THE ATM,Individual,,,Casa account --> NOT A LOAN ACCOUNT,,101,42
Tien gui thanh toan ca nhan,Individual,,,Casa account --> NOT A LOAN ACCOUNT,,51,13
TK TTCN THU PHI COMBO,Individual,,,Casa account --> NOT A LOAN ACCOUNT,,23,10
Reverse,Individual,,,Casa account --> NOT A LOAN ACCOUNT,,42,4
TIEN GUI CO SU DUNG THE UU DAI,Individual,,,Casa account --> NOT A LOAN ACCOUNT,,4,1
TGTT ONLINE,Individual,,,Casa account --> NOT A LOAN ACCOUNT,,18,1
VAY UU DAI TNTB SACOMBANK,Individual,,,Consumer loan,Staff,6936,46
VTD THAU CHI TIEU DUNG,Individual,Overdraft,,Consumer loan,,44,42
THAU CHI TAI KHOAN TNTB STB,Individual,Overdraft,,Consumer loan,,208,23
VAY UD TNTB TC,Individual,,,Consumer loan,Staff,291,11
CV dau tu (tai san),Business household,,,Asset investment,,64,7
CV 5 LINH VUC UU TIEN KHCN,Individual,,,Prioritized industry loan,,95,6
VKD THUOC BVTV,Business household,,,Agriculture,,148,3
VAY CBNV NHG,Individual,,,Consumer loan,,8,1
CV UU DAI EUR/JPY/CHF 2013 XK-GOI 2,Business household,,,Export,,3,1
Reverse (VKD PTKTGD),Business household,,,General household business purpose,,37,3
VTD BAO TOAN,Individual,,,Consumer loan,,249338,8567
VKD NONG NGHIEP,Business household,,,Agriculture,,212512,7591
"VTD MUA NHA, DAT",Individual,,,Mortgage,,129175,5580
VTD STAFF,Individual,,,Consumer loan,Staff,261383,4813
VTD STK STB,Individual,,Secured,Consumer loan,,23686,4666
VTD CBNV,Individual,,,Consumer loan,Staff,127634,4613
VKD NN PHAN TAN,Business household,,,Agriculture,,136628,4463
VKD CHUAN,Business household,,,General household business purpose,,534923,12762
VTD NHANH,Individual,,,Consumer loan,,46376,2596
VTD TU LUONG,Individual,,,Consumer loan,,40611,1941
VTD PHAT TRIEN KINH TE GIA DINH,Individual,,,General household business purpose,,45832,1927
VKD PHAT TRIEN KINH TE GIA DINH,Business household,,,General household business purpose,,63016,2675
VTD OTO,Individual,,,Car loan,,26386,1246
VTD Tieu dung,Individual,,,Consumer loan,,7430,1221
VTD STK ETD,Individual,,Secured,Consumer loan,,5402,1029
THAU CHI TAI KHOAN STB,Individual,Overdraft,,Consumer loan,,17461,1015
VTD PHAN TAN,Individual,,,Consumer loan,,13011,710
VTD STAFF NGUOI THAN,Individual,,,Consumer loan,Family members of Staff,23446,670
VKD OTO,Business household,,,Car loan,,14728,588
VKD MRTL,Business household,,,Business purpose,,6310,464
VTD STK DAI PHAT,Individual,,Secured,Consumer loan,,8712,455
VTD HOAN VON MUA NHA DAT,Individual,,,Mortgage,,7374,423
VTD MRTL,Individual,,,Business purpose,,3171,249
VTD.TDTD ONLINE STAFF,Individual,,,Consumer loan,Staff,956,230
VTD UD CAM CO CCTG,Individual,,Secured,Consumer loan,,5479,217
VKD PHAN TAN,Business household,,,General household business purpose,,24229,1251
VTD DAP UNG VON LINH HOAT,Individual,,,General household business purpose???,,2548,153
VTD CAM CO CCTG,Individual,,Secured,Consumer loan,,2345,148
VTD-CO CHE VAY BDS 2016,Individual,,,Mortgage,,4163,145
VKD MRTL NN,Business household,,,Business purpose,,799,80
THAU CHI TAI KHOAN TTOAN CA NHAN,Individual,Overdraft,,Consumer loan,,572,72
THAU CHI TIEN GUI,Individual,Overdraft,Unsecured,Consumer loan,,525,62
VTD.NHANH -NHO,Individual,,,Consumer loan,,775,54
VKD DAP UNG VON LINH HOAT,Business household,,,Working capital,,456,49
VTD Family,Individual,,,Consumer loan,,701,43
VTD.STAFF STB,Individual,,,Consumer loan,Staff,149,41
CV SXKD thong thuong,Business household,,,General household business purpose,,835,205
THAU CHI SAN XUAT KINH DOANH,Business household,Overdraft,,General household business purpose,,450,40
VTD NANG LUONG MAT TROI,Individual,,,General household business purpose,,499,29
VTD.TDTD ONLINE,Individual,,,Consumer loan,,120,27
VKD TIEU THUONG,Business household,,,General household business purpose,,667,30
VTD du hoc,Individual,,,Education,,1066,26
VTD-CO CHE VAY MUA XE 2016,Individual,,,Car loan,,422,24
VTD STK KHAC,Individual,,Secured,Consumer loan,,46,23
VTD.TIN CHAP - CN,Individual,,Unsecured,Consumer loan,,321,21
VTD HUU TRI,Individual,,,Consumer loan,,394,20
CV nong nghiep,Business household,,,Agriculture,,23,19
VKD OTO THACO,Business household,,,Car loan,,289,17
VTD.UU DAI MUA SUA CHUA BDS 2013,Individual,,,Mortgage,,231,15
VTD MUA XE HAI BANH,Individual,,,Car loan,,310,14
VTD OTO THACO,Individual,,,Car loan,,253,12
VKD DAP UNG VON LINH HOAT NN,Business household,,,Agriculture - Working capital,,89,12
VKD PHO CHO,Business household,,,General household business purpose,,395,26
VKD Tin chap,Business household,,Unsecured,General household business purpose,,17,12
VKD CK BDS,Business household,,,Real estate / stock trading,,79,9
VTD CMNLTC,Individual,,,Income proof (for Visa application purpose),,26,9
VKD NHA THUOC,Business household,,,General household business purpose,,116,10
VKD-CO CHE VAY MUA XE 2016,Business household,,,Car loan,,119,6
CO CHE VAY MUA O TO KVMB 2015,Individual,,,Car loan,,22,6
VTD OTO - GN GIAY HEN KVHN,Individual,,,Car loan,,128,5
VKD.NHANH -NHO,Business household,,,General household business purpose,,148,7
VKD.STAFF,Business household,,,General household business purpose,Staff,59,5
VKD NN LUU VU,Business household,,,Agriculture,,31,4
VKD CK,Business household,,,Real estate / stock trading,,6,4
VKD.STK STB,Business household,,Secured,General household business purpose,,18,4
VTD STK - DAIICHI,Individual,,Secured,Consumer loan,,5,3
VKD SX GIA CONG VANG TRANG SUC,Business household,,,General household business purpose,,154,3
VTD TAI TRO THUE,Individual,,,Business purpose,,56,3
VKD OTO VEAM,Business household,,,Car loan,,10,3
Bao thanh toan XK CNNN,Business household,,,Factoring,,5,2
VKD-CO CHE VAY BDS 2016,Business household,,,Real estate / stock trading,,4,2
VKD TAU THUYEN BTB,Business household,,,Ship,,60,2
VKD OTO - GN GIAY HEN KVHN,Business household,,,Car loan,,65,2
VKD khoi nghiep,Business household,,,General household business purpose,,5,2
VTD CAM CO SO TK TH DAC LOI,Individual,,Secured,Consumer loan,,15,1
VAY MUA OTO KVHN 2015-XE TQ,Individual,,,Car loan,,13,1
VTD. STAFF STB 2013,Individual,,,Consumer loan,Staff,2,1
Thau chi tai khoan luong,Individual,Overdraft,,Consumer loan,,7,1